{"cameraMode":{"drawMode":0,"name":"Shaded","section":"Shading Mode"},"sceneLighting":false,"audioPlay":false,"sceneViewState":{"showFog":true,"showMaterialUpdate":false,"showSkybox":false,"showFlares":true,"showImageEffects":true,"showParticleSystems":true,"showVisualEffectGraphs":true,"m_FxEnabled":true},"in2DMode":false,"pivot":{"x":0.1510351300239563,"y":0.9240989089012146,"z":0.02565624564886093},"rotation":{"x":-0.005886537954211235,"y":0.9947802424430847,"z":-0.11770572513341904,"w":0.018468249589204789},"size":1.5653455257415772,"orthographic":false}