{"cameraMode":{"drawMode":0,"name":"Shaded","section":"Shading Mode"},"sceneLighting":true,"audioPlay":false,"sceneViewState":{"showFog":true,"showMaterialUpdate":false,"showSkybox":true,"showFlares":true,"showImageEffects":true,"showParticleSystems":true,"showVisualEffectGraphs":true,"m_FxEnabled":true},"in2DMode":false,"pivot":{"x":-4.122678279876709,"y":6.842118740081787,"z":5.23286771774292},"rotation":{"x":0.0013271672651171685,"y":0.9805124402046204,"z":-0.1964312344789505,"w":0.006703601684421301},"size":0.8489125370979309,"orthographic":false}