{"cameraMode":{"drawMode":0,"name":"Shaded","section":"Shading Mode"},"sceneLighting":true,"audioPlay":false,"sceneViewState":{"showFog":true,"showMaterialUpdate":false,"showSkybox":true,"showFlares":true,"showImageEffects":true,"showParticleSystems":true,"showVisualEffectGraphs":true,"m_FxEnabled":true},"in2DMode":false,"pivot":{"x":-27.128604888916017,"y":4.430900573730469,"z":-11.293715476989746},"rotation":{"x":0.003810388734564185,"y":-0.9179023504257202,"z":0.012120088562369347,"w":0.39846348762512209},"size":9.959541320800782,"orthographic":false}