{"cameraMode":{"drawMode":0,"name":"Shaded","section":"Shading Mode"},"sceneLighting":true,"audioPlay":false,"sceneViewState":{"showFog":true,"showMaterialUpdate":false,"showSkybox":true,"showFlares":true,"showImageEffects":true,"showParticleSystems":true,"showVisualEffectGraphs":true,"m_FxEnabled":true},"in2DMode":false,"pivot":{"x":15.715132713317871,"y":15.640571594238282,"z":25.34299087524414},"rotation":{"x":0.07589761912822724,"y":-0.22009439766407014,"z":0.020787116140127183,"w":0.9731943607330322},"size":15.466861724853516,"orthographic":false}