{"cameraMode":{"drawMode":0,"name":"Shaded","section":"Shading Mode"},"sceneLighting":true,"audioPlay":false,"sceneViewState":{"showFog":true,"showMaterialUpdate":false,"showSkybox":true,"showFlares":true,"showImageEffects":true,"showParticleSystems":true,"showVisualEffectGraphs":true,"m_FxEnabled":true},"in2DMode":false,"pivot":{"x":-12.737311363220215,"y":11.687947273254395,"z":59.33100509643555},"rotation":{"x":0.07907000929117203,"y":0.05230095982551575,"z":-0.003567370818927884,"w":0.9956507682800293},"size":5.525021076202393,"orthographic":false}