{"cameraMode":{"drawMode":0,"name":"Shaded","section":"Shading Mode"},"sceneLighting":true,"audioPlay":false,"sceneViewState":{"showFog":true,"showMaterialUpdate":false,"showSkybox":true,"showFlares":true,"showImageEffects":true,"showParticleSystems":true,"showVisualEffectGraphs":true,"m_FxEnabled":true},"in2DMode":false,"pivot":{"x":-1.5754796266555787,"y":6.437987327575684,"z":3.5203428268432619},"rotation":{"x":0.005332337226718664,"y":-0.9931347370147705,"z":0.09045989066362381,"w":0.08523288369178772},"size":5.248612403869629,"orthographic":false}