{"cameraMode":{"drawMode":0,"name":"Shaded","section":"Shading Mode"},"sceneLighting":true,"audioPlay":false,"sceneViewState":{"showFog":true,"showMaterialUpdate":false,"showSkybox":true,"showFlares":true,"showImageEffects":true,"showParticleSystems":true,"showVisualEffectGraphs":true,"m_FxEnabled":true},"in2DMode":false,"pivot":{"x":-0.43550586700439455,"y":3.3698432445526125,"z":50.8596305847168},"rotation":{"x":0.009781798347830773,"y":-0.7139795422554016,"z":-0.002406909130513668,"w":0.7029425501823425},"size":4.7535786628723148,"orthographic":false}