{"cameraMode":{"drawMode":0,"name":"Shaded","section":"Shading Mode"},"sceneLighting":true,"audioPlay":false,"sceneViewState":{"showFog":true,"showMaterialUpdate":false,"showSkybox":true,"showFlares":true,"showImageEffects":true,"showParticleSystems":true,"showVisualEffectGraphs":true,"m_FxEnabled":true},"in2DMode":false,"pivot":{"x":-1.9962893724441529,"y":7.539150714874268,"z":27.572330474853517},"rotation":{"x":0.12448300421237946,"y":0.05149354040622711,"z":-0.014122109860181809,"w":0.9928311109542847},"size":4.453578472137451,"orthographic":false}