{"cameraMode":{"drawMode":0,"name":"Shaded","section":"Shading Mode"},"sceneLighting":true,"audioPlay":false,"sceneViewState":{"showFog":true,"showMaterialUpdate":false,"showSkybox":true,"showFlares":true,"showImageEffects":true,"showParticleSystems":true,"showVisualEffectGraphs":true,"m_FxEnabled":true},"in2DMode":false,"pivot":{"x":2.374925136566162,"y":29.103466033935548,"z":44.611419677734378},"rotation":{"x":-0.038412004709243777,"y":0.10465031117200852,"z":-0.004943766165524721,"w":-0.9940000772476196},"size":11.996914863586426,"orthographic":false}