{"cameraMode":{"drawMode":0,"name":"Shaded","section":"Shading Mode"},"sceneLighting":true,"audioPlay":false,"sceneViewState":{"showFog":true,"showMaterialUpdate":false,"showSkybox":true,"showFlares":true,"showImageEffects":true,"showParticleSystems":true,"showVisualEffectGraphs":true,"m_FxEnabled":true},"in2DMode":false,"pivot":{"x":-81.46981811523438,"y":38.75735092163086,"z":-175.60472106933595},"rotation":{"x":0.0012448079651221634,"y":0.04492437094449997,"z":0.0005530352937057614,"w":0.9991456270217896},"size":6.125021457672119,"orthographic":false}