{"cameraMode":{"drawMode":0,"name":"Shaded","section":"Shading Mode"},"sceneLighting":true,"audioPlay":false,"sceneViewState":{"showFog":true,"showMaterialUpdate":false,"showSkybox":true,"showFlares":true,"showImageEffects":true,"showParticleSystems":true,"showVisualEffectGraphs":true,"m_FxEnabled":true},"in2DMode":false,"pivot":{"x":1.7459750175476075,"y":4.024548530578613,"z":37.484779357910159},"rotation":{"x":0.19940809905529023,"y":0.020019428804516794,"z":-0.002583617577329278,"w":0.9799416065216065},"size":5.530483245849609,"orthographic":false}