{"cameraMode":{"drawMode":0,"name":"Shaded","section":"Shading Mode"},"sceneLighting":true,"audioPlay":false,"sceneViewState":{"showFog":true,"showMaterialUpdate":false,"showSkybox":false,"showFlares":true,"showImageEffects":true,"showParticleSystems":true,"showVisualEffectGraphs":true,"m_FxEnabled":true},"in2DMode":false,"pivot":{"x":0.2966509759426117,"y":0.868939995765686,"z":-3.8420228958129885},"rotation":{"x":0.20878146588802339,"y":-0.008179310709238053,"z":0.0018602750496938825,"w":0.9780627489089966},"size":5.424166202545166,"orthographic":false}