{"cameraMode":{"drawMode":0,"name":"Shaded","section":"Shading Mode"},"sceneLighting":false,"audioPlay":false,"sceneViewState":{"showFog":true,"showMaterialUpdate":false,"showSkybox":false,"showFlares":true,"showImageEffects":true,"showParticleSystems":true,"showVisualEffectGraphs":true,"m_FxEnabled":true},"in2DMode":false,"pivot":{"x":0.17651569843292237,"y":0.9491461515426636,"z":1.0767102241516114},"rotation":{"x":-0.23136141896247865,"y":-0.04411680996417999,"z":0.010529415681958199,"w":-0.9718319177627564},"size":1.4489126205444337,"orthographic":false}