{"cameraMode":{"drawMode":0,"name":"Shaded","section":"Shading Mode"},"sceneLighting":false,"audioPlay":false,"sceneViewState":{"showFog":true,"showMaterialUpdate":false,"showSkybox":false,"showFlares":true,"showImageEffects":true,"showParticleSystems":true,"showVisualEffectGraphs":true,"m_FxEnabled":true},"in2DMode":false,"pivot":{"x":1.088173508644104,"y":10.61032772064209,"z":1.9689807891845704},"rotation":{"x":-0.0027103135362267496,"y":-0.06632295995950699,"z":0.00020513986237347126,"w":-0.9978161454200745},"size":12.12435531616211,"orthographic":false}