{"cameraMode":{"drawMode":0,"name":"Shaded","section":"Shading Mode"},"sceneLighting":false,"audioPlay":false,"sceneViewState":{"showFog":true,"showMaterialUpdate":false,"showSkybox":false,"showFlares":true,"showImageEffects":true,"showParticleSystems":true,"showVisualEffectGraphs":true,"m_FxEnabled":true},"in2DMode":false,"pivot":{"x":0.10254932194948197,"y":1.2487215995788575,"z":1.2101125717163087},"rotation":{"x":-0.1683512181043625,"y":-0.0269724540412426,"z":0.0046343328431248669,"w":-0.9853682518005371},"size":1.1489125490188599,"orthographic":false}