{"cameraMode":{"drawMode":0,"name":"Shaded","section":"Shading Mode"},"sceneLighting":false,"audioPlay":false,"sceneViewState":{"showFog":true,"showMaterialUpdate":false,"showSkybox":false,"showFlares":true,"showImageEffects":true,"showParticleSystems":true,"showVisualEffectGraphs":true,"m_FxEnabled":true},"in2DMode":false,"pivot":{"x":0.6036989688873291,"y":-0.12556079030036927,"z":0.03311672806739807},"rotation":{"x":-0.05138034746050835,"y":-0.7719361186027527,"z":0.06290371716022492,"w":-0.630507230758667},"size":1.1489125490188599,"orthographic":false}