{"cameraMode":{"drawMode":0,"name":"Shaded","section":"Shading Mode"},"sceneLighting":false,"audioPlay":false,"sceneViewState":{"showFog":true,"showMaterialUpdate":false,"showSkybox":false,"showFlares":true,"showImageEffects":true,"showParticleSystems":true,"showVisualEffectGraphs":true,"m_FxEnabled":true},"in2DMode":false,"pivot":{"x":-0.04441433027386665,"y":-3.0177974700927736,"z":10.60898208618164},"rotation":{"x":-0.17583061754703523,"y":0.000987002975307405,"z":-0.00031867489451542497,"w":-0.984592854976654},"size":10.832063674926758,"orthographic":false}