{"cameraMode":{"drawMode":0,"name":"Shaded","section":"Shading Mode"},"sceneLighting":false,"audioPlay":false,"sceneViewState":{"showFog":true,"showMaterialUpdate":false,"showSkybox":false,"showFlares":true,"showImageEffects":true,"showParticleSystems":true,"showVisualEffectGraphs":true,"m_FxEnabled":true},"in2DMode":false,"pivot":{"x":-1.2944176197052003,"y":-2.5211658477783205,"z":-17.408527374267579},"rotation":{"x":0.00003251505040680058,"y":0.9971408247947693,"z":-0.07765284925699234,"w":-0.0007673374493606389},"size":11.411661148071289,"orthographic":false}