{"cameraMode":{"drawMode":0,"name":"Shaded","section":"Shading Mode"},"sceneLighting":false,"audioPlay":false,"sceneViewState":{"showFog":true,"showMaterialUpdate":false,"showSkybox":false,"showFlares":true,"showImageEffects":true,"showParticleSystems":true,"showVisualEffectGraphs":true,"m_FxEnabled":true},"in2DMode":false,"pivot":{"x":1.1983623504638672,"y":0.2385859489440918,"z":0.21264934539794923},"rotation":{"x":0.03415515273809433,"y":0.04106144607067108,"z":0.0014112185453996063,"w":-0.9985817074775696},"size":4.334560394287109,"orthographic":false}