{"cameraMode":{"drawMode":0,"name":"Shaded","section":"Shading Mode"},"sceneLighting":false,"audioPlay":false,"sceneViewState":{"showFog":true,"showMaterialUpdate":false,"showSkybox":false,"showFlares":true,"showImageEffects":true,"showParticleSystems":true,"showVisualEffectGraphs":true,"m_FxEnabled":true},"in2DMode":false,"pivot":{"x":1.1973400115966797,"y":-0.09959921985864639,"z":-0.5514354705810547},"rotation":{"x":0.04311980679631233,"y":0.051526084542274478,"z":0.0022335839457809927,"w":-0.9977480173110962},"size":4.334560394287109,"orthographic":false}