{"cameraMode":{"drawMode":0,"name":"Shaded","section":"Shading Mode"},"sceneLighting":false,"audioPlay":false,"sceneViewState":{"showFog":true,"showMaterialUpdate":false,"showSkybox":false,"showFlares":true,"showImageEffects":true,"showParticleSystems":true,"showVisualEffectGraphs":true,"m_FxEnabled":true},"in2DMode":false,"pivot":{"x":0.9875237345695496,"y":0.10427572578191757,"z":15.254875183105469},"rotation":{"x":-0.047698307782411578,"y":-0.024452820420265199,"z":0.0010336940176784993,"w":-0.9987337589263916},"size":10.832063674926758,"orthographic":false}