{"cameraMode":{"drawMode":0,"name":"Shaded","section":"Shading Mode"},"sceneLighting":false,"audioPlay":false,"sceneViewState":{"showFog":true,"showMaterialUpdate":false,"showSkybox":false,"showFlares":true,"showImageEffects":true,"showParticleSystems":true,"showVisualEffectGraphs":true,"m_FxEnabled":true},"in2DMode":false,"pivot":{"x":-0.10784142464399338,"y":-8.475972175598145,"z":15.197125434875489},"rotation":{"x":-0.2808437943458557,"y":-0.024972081184387208,"z":0.007146002259105444,"w":-0.9595747590065002},"size":10.832063674926758,"orthographic":false}