{"cameraMode":{"drawMode":0,"name":"Shaded","section":"Shading Mode"},"sceneLighting":false,"audioPlay":false,"sceneViewState":{"showFog":true,"showMaterialUpdate":false,"showSkybox":false,"showFlares":true,"showImageEffects":true,"showParticleSystems":true,"showVisualEffectGraphs":true,"m_FxEnabled":true},"in2DMode":false,"pivot":{"x":-5.416376113891602,"y":-0.13937705755233766,"z":2.6557934284210207},"rotation":{"x":-0.12873777747154237,"y":0.36924096941947939,"z":-0.05186803266406059,"w":-0.9190966486930847},"size":10.832063674926758,"orthographic":false}