{"cameraMode":{"drawMode":0,"name":"Shaded","section":"Shading Mode"},"sceneLighting":true,"audioPlay":false,"sceneViewState":{"showFog":true,"showMaterialUpdate":false,"showSkybox":false,"showFlares":true,"showImageEffects":true,"showParticleSystems":true,"showVisualEffectGraphs":true,"m_FxEnabled":true},"in2DMode":false,"pivot":{"x":-41.211456298828128,"y":-2.5583415031433107,"z":15.529985427856446},"rotation":{"x":0.012373201549053193,"y":0.9807525277137756,"z":-0.18334582448005677,"w":0.06628958135843277},"size":1.5295865535736085,"orthographic":false}