{"cameraMode":{"drawMode":0,"name":"Shaded","section":"Shading Mode"},"sceneLighting":true,"audioPlay":false,"sceneViewState":{"showFog":true,"showMaterialUpdate":true,"showSkybox":true,"showFlares":true,"showImageEffects":true,"showParticleSystems":true},"in2DMode":false,"pivot":{"x":-1.574019432067871,"y":1.5114631652832032,"z":1.1467806100845338},"rotation":{"x":-0.1661740094423294,"y":0.7396872043609619,"z":-0.19781042635440827,"w":-0.6213865280151367},"size":7.218229293823242,"orthographic":false}