{"cameraMode":{"drawMode":0,"name":"Shaded","section":"Shading Mode"},"sceneLighting":false,"audioPlay":false,"sceneViewState":{"showFog":true,"showMaterialUpdate":false,"showSkybox":false,"showFlares":true,"showImageEffects":true,"showParticleSystems":true,"showVisualEffectGraphs":true,"m_FxEnabled":true},"in2DMode":false,"pivot":{"x":-1.3661394119262696,"y":0.4686090350151062,"z":-0.12745335698127747},"rotation":{"x":-0.00432781083509326,"y":0.8739059567451477,"z":-0.48789283633232119,"w":-0.015160419046878815},"size":2.4073948860168459,"orthographic":false}