{"cameraMode":{"drawMode":0,"name":"Shaded","section":"Shading Mode"},"sceneLighting":false,"audioPlay":false,"sceneViewState":{"showFog":true,"showMaterialUpdate":false,"showSkybox":false,"showFlares":true,"showImageEffects":true,"showParticleSystems":true,"showVisualEffectGraphs":true,"m_FxEnabled":true},"in2DMode":false,"pivot":{"x":-0.5454202890396118,"y":0.7376956939697266,"z":-0.3927576541900635},"rotation":{"x":-0.026735156774520875,"y":0.9796021580696106,"z":-0.15856890380382539,"w":-0.13533982634544373},"size":1.5653455257415772,"orthographic":false}